113,8.3
91,8.2
94,8
133,8.1
30,8.8
102,7.7
170,7.8
104,5.8
110,7.7
117,7.3
158,7.5
100,7.6
78,8.1
99,6.9
115,7.5
77,7.5
68,7.2
150,7.5
97,6.2
186,7.6
158,6.4
120,6.7
133,7.2
105,6.8
235,9
120,6.7
161,2.1
100,7.4
43,8.1
124,7.2
152,6.9
162,6.5
110,6.5
74,6.2
93,7.8
153,6.2
142,6.7
138,6.2
163,6.8
135,4.6
141,4.2
131,5.1
110,6.9
24,8.9
89,8.1
229,8.3
96,7.7
93,6.7
116,8.3
90,6.7
91,7.4
51,6.9
120,7.8
10,6.5
127,6.6
103,6.5
23,7.1
84,6.7
93,7.6
116,4.9
26,6.7
24,6.4
10,6.1
15,7.4
133,7.2
120,7.3
50,7.2
30,6
77,7.9
100,6
100,6
87,8
144,7.7
174,7.6
72,8.1
100,6.7
100,7
134,6.5
102,7.2
94,5.6
172,6.6
170,8.7
100,7.1
105,6.5
100,6.3
148,5.1
120,5.8
172,4.8
160,6.1
108,6.3
170,6.2
50,3.8
153,6.1
159,5.2
162,5.4
129,7.3
151,6.3
107,6.5
48,7.4
44,8.4
22,7.6
142,8.8
92,7
23,8.8
169,8.6
25,8.9
47,8.1
40,7.8
106,7.8
46,8.2
120,7.1
119,6.7
129,7.3
24,8.5
26,7.8
127,7.7
22,6.5
126,6.5
22,6.2
108,6.6
130,6.4
136,7.1
144,7.5
123,7.2
127,7.3
22,7.6
22,7.2
25,7.9
162,6.9
97,7.5
104,7.1
136,6.8
165,7.2
93,6.5
112,6
93,4.5
128,7.2
118,6.6
97,5.6
115,7.3
89,4.8
103,6.9
112,6.5
101,5.7
88,6
28,3.8
112,5.8
133,5.4
87,8
96,5.2
95,5.6
114,5.9
107,6.2
94,7
96,4.7
116,6.4
107,4.5
100,4.7
93,4.7
110,6.5
21,5.7
22,6.2
25,8
115,6.5
126,6.6
21,7.2
91,4.5
87,7.9
19,6.8
105,6.8
74,8.5
124,7
21,7.1
75,7.9
63,6.4
124,6.7
185,7.6
9,7.4
25,7.4
120,7.8
30,5.9
47,7.8
163,7.5
153,4.7
136,7.1
153,4
100,7.2
141,8.1
105,7.6
165,7.6
160,4.8
172,5.4
171,6.5
156,6.2
40,9
177,6.2
158,7.6
100,5.5
160,6.1
175,6.4
155,5.5
206,7.5
126,5.4
97,6.9
165,5.5
145,6.6
180,7.8
172,4.5
55,7.3
72,6.6
146,6.6
174,6.1
58,7.8
59,7.8
106,5.9
56,6.7
50,8.2
149,6.1
129,6.5
142,4.5
160,7.9
145,6.7
88,6.9
147,3.6
55,6.2
156,5
170,6
131,4.6
162,5.9
48,9.5
46,8.2
49,7.8
58,8.7
49,7.6
57,8.6
44,8.1
44,7.8
23,8.5
44,8.4
45,8.5
111,7.1
117,6.5
28,8.7
25,8.5
25,8.3
24,9.3
148,8.8
107,6.6
98,8.1
43,8.7
139,8
120,7.2
22,7.6
24,7.2
88,6.6
21,6.1
24,9
90,6.5
42,7.7
106,6.6
88,6.1
88,7
121,7.8
117,7.7
23,8.4
124,7.5
124,7.2
125,8
115,8
143,7
44,5.6
129,7.6
139,7.6
94,7.2
21,8.8
128,6.7
102,5.9
129,7.6
106,6.6
111,7.1
25,8.6
140,8.1
110,7.6
92,7
122,7.6
58,8.5
154,7.8
26,6.7
25,6.9
118,6.8
90,7.3
44,7.9
93,6.3
117,6.7
77,7.3
116,7.1
110,7.3
95,5.8
102,6.3
90,6.9
44,8.3
117,6.7
99,6.3
143,8
105,6.8
109,6.3
110,6.2
107,6.5
111,5.9
95,6.7
24,8.3
109,6.8
116,7
89,5.7
123,6.8
24,8.7
110,6.5
93,5
91,6.5
81,4
93,5.8
91,5.6
87,5.9
108,6.4
108,8
130,7.3
106,5.8
101,5.5
109,6
121,5.4
84,5.1
82,5.1
115,6.7
97,5.5
97,7.4
97,5.7
22,7.9
145,7.3
95,5.2
128,7.1
95,5.9
52,7.6
95,6.3
83,5.1
98,6.2
90,6.1
87,6.2
95,6.5
107,5.5
44,7.3
29,8.9
170,8.4
27,8.6
25,7.2
25,8.3
15,7.6
87,4.8
23,7
23,7.4
106,6.8
91,6.6
101,6.1
121,6.6
64,7.9
23,6.2
97,5.1
25,6.3
91,5.8
132,7.6
96,6.5
97,5.5
141,7.6
30,8
115,5.9
129,6
96,5.9
7,8
118,6.6
224,8.1
94,6.2
22,6.7
88,5.8
100,6.9
24,8.3
101,5.6
11,3.9
84,8.4
92,5.6
86,7.6
22,6.6
26,7.7
93,6.7
108,7.5
6,7.6
165,8.3
55,8.1
45,7
23,8.2
103,7.4
44,5.4
35,7.8
78,5.5
18,5.1
24,7.3
103,4.9
61,7.8
24,6.5
14,7.5
17,5.3
106,6.4
22,8.1
46,7.6
107,6.3
82,6.9
90,3.6
114,7.5
99,5.4
21,5.6
109,5.6
25,7.3
25,7.9
9,6.8
104,7.4
210,7.4
94,6.7
95,7.1
76,8
89,5.6
213,7.5
71,3.9
20,7
162,6.7
138,7.9
44,8.1
85,4.8
116,6.5
82,6.6
43,6.6
12,6.3
76,5.9
88,5.1
90,6.9
22,4.1
97,5.8
95,6.4
96,4.5
44,7.6
97,6.3
107,7
172,6.1
0,7.2
92,6.6
89,6.6
96,6.4
72,7.9
0,6.5
137,6.3
21,7
14,6.9
100,7.4
183,8.1
101,7.3
94,7.4
99,7.1
128,4.4
72,8.7
85,6.9
90,6.8
95,7
90,5.4
97,5.9
145,6.5
48,6.2
178,7.1
144,7.7
105,7
60,7.6
95,7
160,6.9
100,7.2
114,6.6
155,7.1
94,7.2
157,8.1
9,7.4
189,8.1
127,4.7
116,8
94,5.4
141,6.1
186,7.9
189,7.5
115,7.3
3,6.2
126,7.4
225,8.7
126,7.7
104,7.1
193,6
143,8.4
42,7.4
110,6.6
175,6.6
135,5.1
72,7.7
57,8
137,6.6
88,7.2
89,5.5
110,8
11,5.2
58,7.9
85,7.6
26,6.2
99,7.2
132,7.4
166,7.7
179,7
110,5.3
85,7.4
141,6.3
118,6.1
49,7.2
99,7.6
67,7.4
135,7.4
44,7.2
72,7.5
127,8
155,7.4
95,7.3
43,8.5
173,7.4
108,7.2
22,4.1
0,7.5
165,6.9
137,7.6
94,7.4
155,7.1
135,7.1
56,7.9
150,6.3
167,5
109,6.8
161,7.3
110,6.3
131,7.1
167,6.9
104,7.4
186,7.8
60,7.8
95,6.3
97,6.8
146,7.5
153,5.3
138,7.6
124,7.4
44,6.8
169,6.2
122,4.4
119,6.6
161,5.7
113,7.5
100,7.3
116,7.2
160,8.7
157,7.8
175,6.5
119,7.7
99,7.6
56,8.3
145,6.1
155,8.1
98,7
161,6.9
138,8.1
60,7
115,5.6
109,6.8
167,7.1
49,7.2
97,8
137,8.4
144,7.2
113,5.2
144,7.9
103,5.2
95,2.9
117,5.2
20,4.2
124,5.1
59,6.8
141,8.4
129,5.6
130,5.5
134,6.9
88,8
149,5.3
80,6.4
142,4.3
90,7.3
120,5.2
115,3.5
73,7
127,5.6
105,6.4
121,4.8
57,6.5
98,2.9
80,6.7
160,4.8
117,5.6
105,6.5
117,6.4
112,6.4
95,6.3
145,7.1
48,7.4
90,7.3
44,5.9
110,6.3
20,9.6
135,5.6
90,7.7
110,6.6
37,7.6
110,4.3
96,8.4
142,5.5
100,6.7
192,4.8
120,7.4
127,5.2
44,6.8
125,3.4
122,5.4
44,7.1
44,6.7
100,5.5
110,6.7
106,7
59,6.9
148,6.4
69,6.5
105,6.5
15,6.1
69,7.7
44,8
104,6.3
69,6.4
13,5.6
95,5.7
91,6.1
121,6.5
182,7.4
56,8.5
95,5.4
118,7.4
21,7.7
59,8.8
107,7.1
165,8.4
53,8.3
119,7.4
54,8.6
21,7.8
120,7.7
59,8.3
94,7.7
42,7.4
48,8.4
140,8.2
23,9
157,7.5
42,7.5
158,7.8
106,6.8
131,5.8
104,6.2
117,6.4
113,6.2
129,7.4
122,7.7
23,8.4
23,7.6
110,6
51,7.9
17,7.2
120,6.2
24,8.3
88,6.6
76,7.5
112,7
22,6.4
92,5.9
79,6.6
131,6.4
41,4.5
105,5.9
20,8
45,7.9
134,7.4
113,6.8
26,7.3
25,8.2
114,6
24,7.5
6,7.3
96,4.1
108,6.2
23,8.2
24,7.8
27,5.9
27,6.1
100,5.4
22,6.9
24,8.3
113,5.6
103,5.4
91,3.3
97,6.4
40,8.1
58,8.2
24,6.2
108,7.8
4,5
97,7.1
22,7.5
125,8
110,5.7
44,7.4
16,7.6
98,6.8
80,7.7
42,8
44,8.4
68,8.2
92,7.4
86,7.1
93,7.2
65,7.4
89,6.3
101,6.5
166,8.1
89,5.8
75,8
113,7.7
143,6.8
2,7.1
45,8.2
62,5.5
151,8.1
22,6.8
22,6.1
85,6.3
128,5.9
14,5.8
68,6.6
102,7.6
108,7.1
50,7
5,6.4
88,6.7
115,6.5
149,7.7
65,6.1
43,6.4
93,7.8
47,7.4
139,7.1
90,4.7
80,7
90,7.4
140,7.5
144,6.6
137,5
149,7.3
5,6.4
45,8.5
143,5.9
101,5.4
125,8.1
115,6
94,7.3
96,6.4
24,5.2
15,6
58,6.6
134,4.6
126,7.3
135,8.2
80,5.3
135,5.2
90,6.9
130,6.9
96,6.7
122,6.7
162,5.1
165,4.2
126,5.8
81,2
149,6.9
25,7.6
60,5.5
136,7.2
140,6.6
93,5.1
57,7.2
95,6
135,6.3
148,6.2
96,8.1
118,5.1
44,7.9
150,6
104,5.2
110,5.8
81,4.5
97,5.3
118,5.6
107,7.2
66,9
141,3.2
80,6.3
125,6.3
43,7.1
140,6.4
109,3.9
46,6.9
63,7.5
100,5.9
167,6.1
146,4.3
110,5.1
140,5
104,7.1
45,7.6
65,7.8
110,5.2
0,8.2
70,7.8
68,8
150,3.8
46,6.5
102,7
17,6.5
134,6.3
78,6.7
111,6.4
75,6.3
104,5.9
44,6.8
60,6.7
115,5.3
84,4.9
47,7
100,6.3
60,8.4
58,8.8
24,9
43,8
64,6.1
96,7.2
42,7.6
118,7.8
43,7.8
41,6.5
126,8
128,7.5
113,8
94,6.7
42,7.6
106,7.2
43,8.1
104,5.7
123,8.1
42,7.5
102,7.8
104,7.4
107,7.5
106,6.5
26,8.8
52,8.7
24,5.6
113,6.5
119,6.5
97,6.4
59,8.1
43,8.3
42,7.8
77,6.3
102,7.2
55,8
46,8.6
43,7.6
100,5.3
97,6.3
25,7.9
105,6.4
43,6.6
45,6.9
94,5.2
26,8.1
130,6.9
132,7.2
24,5.6
49,7
86,3.5
24,7.9
24,6.8
24,7.8
95,6.3
24,8.1
48,8.6
44,7.5
92,6.6
92,4.8
86,6.3
42,7.5
24,5.9
92,6.8
104,5.4
92,5.1
120,5.5
57,8.1
20,8.3
109,5.7
24,7.1
116,7.1
57,7.9
17,7.3
94,5.8
139,6.9
10,5.5
108,6.3
19,6.4
85,5.7
42,6.9
90,5.6
90,5.6
43,7.1
11,6.1
80,8
105,7.5
30,7.7
24,7.7
24,5.6
60,8.3
105,5.3
93,7.1
95,6
93,5.6
90,7.3
112,6.4
98,7.1
90,8.2
59,7.5
101,5.2
21,7.3
75,8
82,7.6
23,5.1
110,7.8
80,8.3
24,5
86,4.6
90,7.4
2,6.2
162,6.9
85,6
91,5.8
88,8.1
100,7.3
153,8.2
106,6.5
70,6.4
25,6.7
112,6.1
101,6.8
123,6
90,8.2
74,7.7
94,6.6
141,6.1
23,6.4
43,6.8
96,7.6
22,4.8
45,6.2
22,6.5
41,4.6
23,7.3
120,6.6
96,7.5
28,8.6
18,4.3
120,6.8
150,8.1
149,6.9
4,7
45,7.3
68,4
130,6.4
98,7.3
53,7.9
23,6.3
130,6.5
138,7.6
124,7.2
133,7.6
146,8.2
104,6.7
5,6.1
23,7
25,8.5
73,8.6
70,7.6
94,7.9
136,6.3
84,5
69,6.4
91,7.8
127,6.6
126,7.8
84,7.1
93,6.9
120,3.9
137,6.9
152,7
141,6.8
107,6.2
104,8
29,9
143,5.3
63,7.6
70,7.6
109,4.8
122,6.9
44,8.2
126,7.2
144,8
160,4.6
75,5.4
76,8
132,6
143,7.2
87,6.7
104,6.8
44,6.8
133,6
100,7
138,7.8
41,7.1
44,7.6
115,6.4
137,5.8
79,7.2
90,7.3
161,6.5
19,6.5
69,7.4
105,5.1
75,7.9
85,7.3
133,6.2
14,5.6
134,7.5
99,5
95,6.4
69,5.4
106,7.1
96,7.3
150,5.3
130,7.7
107,4.5
105,7
142,6.7
114,5.8
120,5.4
85,6.4
62,7.3
100,7.3
98,6.6
149,6.4
75,7.8
152,5.9
130,7.3
105,5.5
87,6.7
88,6.7
100,6.4
110,6.3
81,6.2
94,5.9
125,5.1
136,4.5
141,6.1
64,7.4
170,5.3
93,5.2
150,1.7
116,7.2
98,5.2
82,6.4
139,3.9
110,5.6
130,8.3
120,6.7
71,5.8
67,6.3
12,7.8
179,7.3
45,7.3
59,6.9
85,6.3
121,5.5
71,2.9
124,5.5
120,5.7
112,6.2
110,7.4
150,4.9
105,7
107,2.6
44,8
75,6.6
88,7.1
107,6.9
64,8.6
112,3.8
26,6.9
105,4
132,7.4
63,8.5
95,4.8
67,7.1
63,8.6
147,6.1
24,6.1
94,6
62,5.1
64,8.1
49,8.8
55,8.5
52,8.7
22,8.5
48,8.4
30,8.2
23,8.2
30,8.4
24,8.7
41,7.6
42,7.9
56,8.7
55,8.3
101,7.8
102,7.6
29,7.3
22,8.1
101,6.8
42,8.3
42,6.1
24,8.2
47,8.1
42,6.8
98,7
95,7.1
99,5.3
44,7.6
115,7.5
108,7.1
55,7.9
22,8.3
62,8.2
114,7.1
133,5.4
30,7.7
30,7.7
188,7.8
119,6.5
57,7.9
46,6.7
87,7.1
45,8
132,6.9
52,8.8
22,7.7
44,7.5
46,9
43,7.9
42,7.8
43,7.3
106,6.3
43,7.5
43,7.1
54,7.9
104,7.3
46,7.6
122,7.2
42,6.2
42,7.8
130,8.1
54,7.9
15,5.4
45,7.4
99,5.9
95,6.3
59,7.6
40,8.3
120,6.8
115,6.9
54,8.2
46,7.1
159,8
45,7.6
82,6.6
22,8.5
25,8.1
134,7.3
32,7.7
95,7.1
82,5.5
43,7.2
30,7.4
44,6.7
104,6
30,7.4
41,7.5
95,6.6
42,7.6
52,7.3
45,7.7
108,7.5
32,8.3
30,7.6
84,6.8
50,7.4
123,7
27,6.7
30,6.9
45,7.3
62,8.6
119,7.1
99,6.4
95,6.6
24,5.3
43,6.6
97,6.2
28,8
97,7.3
98,8.3
50,8.2
72,6.4
86,6.3
92,6.3
97,5.3
97,6.8
43,6.6
100,8.2
96,6.1
24,7.6
109,6.3
18,7.5
103,6.1
45,7.6
43,7.1
48,7
92,6.2
96,4.3
24,6.8
137,7.7
10,8.4
24,7.9
116,6.5
97,6.7
50,8.5
22,8.4
91,7.3
101,7.6
25,8.4
87,6
95,4.8
83,5.3
108,7.2
23,7
120,6.5
104,5.9
92,7.6
104,7.2
105,7
51,7.1
27,7.1
88,5.9
48,8.4
62,8.2
81,7.3
70,7.6
88,6.3
22,8.2
94,5.5
161,8.4
90,6.1
118,6.3
32,7.2
27,7.7
24,8.1
21,6
120,5.6
43,7.2
30,7.3
47,7.3
107,5.5
88,5.7
42,7.3
7,7.1
108,6.1
119,4.8
100,5.8
119,4.1
89,5.8
89,6.3
108,5.7
60,8.4
77,6.7
52,6.9
30,7.5
46,7
105,7.6
106,6.9
106,5.8
107,7.4
122,8
92,6.9
111,6.7
122,5.3
28,7.8
23,6.6
55,8.4
3,8.4
71,8.6
25,6
28,8.4
80,6.2
105,5.4
89,4.6
95,9.2
3,6.6
61,7.5
68,5.7
5,7
96,6.3
43,6.2
24,8.2
58,7.7
102,6.4
63,7.3
44,8.2
25,8.2
23,6.8
89,5.9
92,6
24,7.2
100,5.5
46,6.9
11,8.7
60,8.2
124,7
56,5.5
51,7.4
23,6.7
96,5.9
92,4.1
83,6.5
108,5.4
96,6
22,6.1
91,5.2
106,7.4
93,5.6
118,7.5
163,8.2
95,7.4
62,7.9
23,7.3
105,5.7
79,6.7
17,5.5
23,5.7
72,5.7
21,4.5
92,5.3
27,7.2
98,5.9
12,7.2
92,4.5
84,6.1
30,6.1
97,6.7
29,8.1
129,6.6
65,7.9
23,6.8
63,8.3
23,5.8
21,5.9
136,6.6
139,7.5
23,5
35,8.1
110,6.8
47,6.5
53,7.6
30,6.8
111,5.8
90,6
42,6.8
87,6.6
51,7.8
31,5.3
24,6.1
132,7.7
44,6.9
49,7.4
45,8
133,5.3
48,7.7
82,4.1
88,6.7
48,7.1
110,7.9
86,5.5
15,7.6
106,7.9
74,5.6
63,6.8
61,7.4
156,6.4
69,7.9
101,4.9
95,7.2
22,7.3
87,5.1
63,5.7
22,8.1
45,8.3
62,6.8
26,8.4
105,7.4
97,3.6
41,8.1
115,6.7
98,5.6
90,7.8
23,6.6
118,7.4
115,6.2
136,7.7
8,6.3
71,5.7
27,5.7
22,3.1
87,7.4
99,6.1
86,7.7
123,6.2
103,6.4
103,7.1
84,5.6
139,7.4
85,5.8
62,7.3
23,6.5
95,6
91,5.9
108,6.2
30,7.7
112,6.7
27,8.3
103,5.4
100,5.4
31,6.9
25,6.3
132,7.1
108,6.3
70,8.2
27,7.6
62,6.9
148,7.8
48,7.4
105,5.9
60,6.7
73,7.5
141,7
24,5.7
55,7
82,7.1
36,7.5
43,8.8
25,8.4
42,7.2
155,5.6
181,7.7
105,5.8
49,6.2
26,8
123,6.9
16,7.1
5,6.8
91,7.3
100,6.2
47,7.3
127,6.7
100,6
92,5.3
11,6.5
60,7.5
43,7.1
126,6.6
164,4.4
98,7.6
159,7.3
69,6.3
44,7.1
92,6.3
95,5
57,6.1
21,5.9
134,7.4
48,6.9
46,7.2
45,7.9
44,7.5
60,7.3
31,6.4
100,6.1
114,5.8
79,5.5
21,8.8
89,3.7
98,6.3
101,6.1
90,6.5
136,5.9
112,7.9
110,6.2
109,6.6
116,6.1
114,5.8
50,5.1
132,8.1
66,5.8
82,6.6
170,7
103,7.2
95,5.1
124,1.9
86,5
130,6.5
80,7.3
73,6.5
36,7.7
90,2.8
126,7.1
90,2.7
98,7.4
130,7.2
39,7.3
97,5.4
29,6.8
109,6.8
107,6.2
88,6.3
20,5.7
131,5.4
78,6.8
82,5.3
61,6
119,7.8
98,6.7
30,7
83,6.6
93,5.9
74,7.5
154,5.4
71,6.8
45,6.6
67,7
91,5
46,8.4
90,7.2
94,5.9
86,7.7
136,7.3
24,6.9
106,5.2
100,6.5
82,5.5
120,7.5
18,6.4
98,4.7
107,7.3
140,6.6
28,8.3
144,3.6
11,7.5
13,5.1
157,5.6
22,6.2
107,7.1
63,7.4
105,5.1
74,6.4
108,7.5
77,6.6
106,4.8
67,6.6
135,4.5
83,4.8
74,6.5
102,5.9
28,3.8
90,5.2
65,5.6
60,4.4
108,6.2
60,7.2
13,7
10,5
58,6.6
53,7.9
138,4.7
65,6.8
108,5.4
91,6.8
84,7
45,6.8
24,6.2
64,6.4
130,8.6
88,5
98,6.6
107,6.4
18,6.3
44,6.1
69,6.7
102,6.1
61,8.4
106,4.5
67,6.5
120,7.3
90,7.4
119,4.8
105,5.7
29,6.1
13,4.1
101,5.5
45,6.4
92,5.5
94,5.5
100,5.5
106,7.2
105,6.4
110,6.7
90,1.5
39,7.4
60,6
95,5.8
90,4.4
97,5.2
129,6.3
56,5.2
132,6.9
110,6.6
90,5.1
112,7.6
115,7.2
100,6.8
95,6.7
60,6.7
117,6.5
45,7.7
116,6.9
93,6.9
95,4.8
31,5.7
116,6.3
122,7.1
100,4.3
115,4.5
97,5
83,6.4
28,6.6
88,3.7
68,4.8
112,2.7
42,7.2
118,5.6
45,7.4
62,6.5
80,5.3
94,4.5
130,5.8
125,6.2
44,8
82,5.4
75,6
106,5.1
93,5.4
25,6
96,2.1
100,5.1
107,6.3
37,6.9
87,5.5
118,6.1
113,6.2
107,6
98,6
16,5.3
60,8.5
25,8.4
45,7.9
164,8
56,8.7
111,6.9
107,7.8
106,7.7
140,7.4
42,6.7
42,7.3
53,8.6
140,7
42,7.6
130,7.4
42,7.1
48,7.4
31,8.6
47,7.7
49,7.3
50,8.3
94,7.4
42,7.7
94,6.3
60,8.1
65,7.6
52,7.9
39,7.7
44,7.3
125,7.4
49,8.4
42,4.5
58,8.6
43,8.1
22,7.8
136,7.3
67,8.1
52,8.2
27,7.9
113,5
42,7.2
104,7.3
43,7.8
46,8.7
91,6.4
72,6.6
43,8.1
132,7.3
122,7.3
29,7.9
119,5.2
23,6.7
29,8.2
21,8.1
45,7.2
34,8
21,5.8
57,6.7
120,7.3
26,8.3
132,6.2
26,8.2
44,6.7
31,8.3
44,7.7
135,7.7
46,7.3
115,6.3
47,7.8
93,6.8
33,8.1
50,7.2
86,8.2
57,7.4
123,6.8
113,7
130,6.3
121,7.9
94,5.5
25,8.4
56,8.4
120,5.9
29,7.2
103,6.5
102,6
24,6.7
107,8
102,5.5
93,6.9
27,6.9
91,6.8
110,6.5
62,7.7
125,7.1
105,6.8
25,7.6
101,6.8
6,6.4
22,5.5
93,7.9
55,7.4
45,7.8
124,6.6
24,7.5
122,7
46,7.5
65,8.3
121,6.9
47,8.5
105,6.2
52,8.4
56,7.6
109,6.4
121,6.9
58,7.5
56,7.2
84,6
44,5.8
95,5.9
42,6.1
112,6.9
89,4.8
85,6.4
97,6.4
96,5.8
100,7.1
58,3.9
105,6.3
27,8.4
29,6.1
132,6.9
23,5.7
58,6.4
43,7
29,7.1
124,7.3
102,6.2
48,7.5
97,5.8
120,7.4
105,6.5
21,8
94,7.7
23,7.5
24,7.8
64,8.5
43,7.3
47,7.3
116,6.2
100,6.1
25,8.1
107,5.5
123,7.2
105,5.3
101,6.7
98,7
85,5.2
63,8.1
42,6.8
25,8.5
30,6.9
108,5.5
125,5.6
24,6.4
46,6.5
90,7.1
52,7.3
50,7.6
24,6.8
98,7.6
168,8.2
90,6.1
102,6.2
24,7.8
96,6.7
82,6.4
129,7.4
105,6.5
108,5.8
11,6.5
66,6.2
57,7
46,7.6
102,5.7
24,7.7
23,6.4
120,6.2
55,7.9
78,6.1
69,8.1
88,6.2
15,8.5
43,7.6
80,6.4
110,6.5
96,7.4
89,5.7
101,6.4
126,5.4
25,6.2
89,5.5
91,6.6
96,6.6
57,7.4
25,4.6
125,7.5
104,5.6
98,5.3
122,6.7
60,8.7
104,5.8
40,7.7
21,7
41,7.5
143,6.8
45,8.4
112,6.8
20,5.1
110,5.9
24,7.2
5,8.6
50,8
52,7.2
96,6.2
21,6
101,4.5
76,8.7
117,6.3
83,6.5
105,5.9
95,7
16,5.5
113,6.3
79,9.2
24,7.1
30,3.5
57,6.8
98,6.4
109,6.2
100,5.4
109,7.4
82,5.5
48,7
51,8.4
59,7.4
116,7.5
105,6.5
85,5
46,7.4
101,5.8
33,7.4
16,8
28,5.4
79,7.9
26,6.2
107,6.8
29,7.9
41,8.1
59,6.8
102,6.3
105,4.3
25,7.4
100,4.2
122,6
140,5.9
87,5.7
112,6.3
71,7.2
82,5.9
92,7.4
123,7.5
42,6.4
12,4.8
32,6.8
45,8
30,6.6
45,6.8
45,7.8
27,6.8
94,6.9
23,6.6
97,5.2
91,6.6
92,5.5
97,5.8
95,6.6
29,7.4
63,7.5
49,6.9
94,7.9
87,7.6
24,7.1
52,8
97,7.4
56,7.2
94,5.3
56,8.2
90,6.1
20,6.1
76,7.4
11,7.7
52,8
49,6.8
44,7.7
68,8.6
36,7.5
48,7.9
95,6.5
90,6.2
65,7.9
88,6.2
35,8.6
139,8.2
73,8.2
24,6.7
51,7.8
31,7.6
110,5.7
83,6.3
42,6.2
19,7.1
96,5.8
95,5.9
90,3.4
85,6.3
64,7.7
99,7.5
136,7.2
97,4.8
48,6.6
15,6.5
49,6.8
70,5.2
105,5.8
75,8
90,5.2
119,7.4
97,7.6
90,6
94,5.2
91,6.2
24,6.1
107,6.4
130,7.6
11,3.4
22,8
90,5
106,6.6
23,6.4
93,5.4
45,7.9
80,8.1
28,6.8
111,6.7
24,7.1
51,7
91,6.1
46,8
12,6
118,6.2
24,6.1
29,7
89,6
68,7.6
24,6.6
105,7.1
87,5.7
22,7.5
66,8.1
108,6.4
22,5.8
101,6.9
101,5.9
102,7.7
47,8
24,5.2
120,5.6
94,5.7
100,7
68,7.8
22,6.7
135,5.2
52,6.4
114,6.6
25,8.2
87,6.3
46,6.4
87,6.9
25,7.1
51,7
124,6.9
44,7.8
50,8.6
27,7.2
43,7.5
47,6.8
98,6.2
44,7.6
42,5.1
48,7.3
27,6.8
24,7.6
74,7.1
64,8.3
53,6.9
46,6.2
104,5.1
49,7.8
132,7.1
49,7.3
43,7.8
28,7.8
28,7.2
47,6.2
107,6.8
54,8.3
64,7.6
102,6
89,4.2
103,6.1
96,4.8
67,7.1
94,3.2
96,5.9
25,6.4
55,8.2
105,4.4
83,6.1
95,6.7
21,7.1
139,7.1
70,8.2
86,7.4
57,7.3
152,5.2
104,7
93,6.8
43,6.6
44,2.3
47,3.8
94,6.2
111,6.4
71,7.3
11,5.3
81,6.1
25,7.4
43,6.5
94,6.3
40,7.4
109,6.7
45,7.7
16,7.5
90,6.6
92,4.9
95,6.2
60,8.5
42,6.7
100,7.4
42,7.7
47,6.7
24,7.1
81,7.5
96,6.4
60,7.5
28,7
105,5.1
58,6.6
98,6.7
56,8
24,5.7
67,7.9
81,5.3
34,7.7
82,7
153,8.5
46,7
47,6.6
50,6.8
23,6.6
27,8
105,7.4
113,8.3
105,7.3
98,6.3
115,5.9
22,8.1
30,7.2
39,8.4
89,4.7
103,6.9
53,6.6
71,6.9
23,4.9
22,6.2
72,8.2
40,7.2
52,7.7
25,6.5
53,6.6
27,7
25,5.2
79,6.9
49,7.3
140,6.8
48,7.1
105,5.8
45,7.9
124,7.6
104,7.9
95,5.4
129,6.4
102,8
24,6.3
45,8.4
107,8
13,5.9
73,7.5
23,6.9
71,3.1
71,7.4
80,7.3
85,5.6
23,6.7
71,8.1
25,5.7
41,8
27,5.5
65,7.8
130,5.2
116,5.2
96,5.4
59,7
100,7.6
32,7.7
90,5.6
125,8.3
90,6.8
89,7.4
95,6.9
94,6.6
26,6.6
90,5.6
59,7.8
114,6.7
26,7.1
61,8.1
15,6.4
100,5
99,6
74,6.6
95,5.9
43,7
83,5.5
106,6
38,6.8
105,7.2
25,5.4
72,5.5
169,8.1
70,5.2
65,5.8
103,5.6
164,7
64,6
108,7.2
104,7.5
89,4.5
119,5.5
75,6.2
30,6.8
24,5.8
45,6.2
90,5.5
95,7
104,6.3
100,7.1
61,6.3
75,7.6
99,6.3
99,5.6
22,7.7
64,6.6
61,7.6
59,7.3
103,6.1
92,4
54,7.6
84,5.6
74,7.5
93,5.5
105,5.8
25,5.4
95,5.9
99,7.1
105,5.7
63,7.1
46,8.3
52,7.2
94,7
18,5.9
90,5.9
100,6.2
42,7.6
92,5.7
91,8.5
36,7.3
98,5.3
94,5.2
43,7.6
79,4.4
85,5.4
100,6
39,7.1
110,6.9
49,7.1
129,5.5
122,7.5
78,5.7
64,6.1
55,7.2
57,7.2
105,6.5
67,7
21,7
41,6.9
45,8.2
120,7.4
30,7.6
63,7.4
21,6.1
106,5.2
75,7.8
76,6.7
83,6
66,7.1
45,7.3
94,5.5
25,8.1
57,7.3
25,6.8
90,3.9
69,5.4
155,7.7
7,8
96,5.9
24,6.6
90,5.6
21,4.8
72,6.8
49,5.8
120,6.4
94,5.2
54,7.3
89,5.1
93,8.1
12,6
25,7.4
107,5.3
51,8.9
45,6.7
48,5.4
69,8
87,6.3
143,6.7
100,7.3
125,6.5
45,7.1
100,6.3
155,7.2
51,5.1
75,5.9
99,5.2
42,6.2
70,5
128,7.6
94,5.7
32,7.4
30,7.6
22,5.8
21,7.4
15,6.1
111,6.4
130,6.4
98,7.4
100,6.4
89,5.7
81,5.2
24,6.9
36,7.7
102,6.7
40,7.8
100,7.3
88,5.8
87,6.3
147,7.2
23,3.8
135,4.6
23,5.9
78,8
104,6.5
110,6.8
89,5.4
106,7
106,6.8
92,6.6
162,7.2
21,5.9
85,6.3
63,6.5
99,7.7
150,7.9
96,6.4
56,7.2
60,6.2
86,5.5
102,5.4
97,5.7
127,5.8
66,7.2
12,6.3
110,6.9
57,3
132,7
110,4
35,8
95,7.5
95,6.8
95,5.3
107,6.2
90,5.8
92,4.2
22,8.5
69,7.3
45,6.8
18,4.9
13,7.5
30,7
45,8.4
91,5.8
69,7.5
39,6.7
102,6.4
86,5.7
93,5.9
101,6
161,7.7
22,5.6
91,4.6
139,6.2
104,5.8
93,6.2
90,5.2
107,7.2
110,6.6
101,4.6
45,7.5
45,7.6
89,4.8
150,3.6
90,7
28,6.2
17,7.9
93,7
95,6.5
18,6.6
60,6.7
123,7.5
24,7
60,5.4
82,5.7
102,5.7
8,6.6
84,5.9
20,7.8
25,7.5
62,7
60,7.4
24,6.6
86,6.2
100,6
91,4.5
69,7
130,2.3
0,8.6
18,6.2
115,6.2
95,5.9
150,7.5
104,5.4
126,6.4
102,6.1
59,7.7
75,3.2
129,6.7
95,5.6
58,7.1
63,7.3
83,6.5
167,5.7
101,5.3
47,6.6
26,5.7
86,4.4
63,7.3
93,5.5
90,4.4
144,5
90,7.7
39,5.4
107,7.6
91,6.7
100,6.6
83,5.4
108,7.9
145,6.3
73,6.8
41,4
104,6.5
64,7.3
83,6.6
86,6.9
90,6.2
125,6.9
23,6
43,8.5
108,7.5
43,6.5
63,6.5
63,7
40,5.6
41,6.9
107,5.1
95,5.8
120,7.9
127,6.3
29,7.6
66,6.6
90,5.5
29,7.1
55,6.8
92,6
180,6.4
92,5.8
86,4.3
129,7.6
89,4.9
98,6.2
85,5.5
70,6.4
84,6.2
66,4.5
46,7.6
57,6.9
70,7.1
70,7.2
59,6.4
25,6.4
24,7.6
140,6.5
105,5.6
77,7.2
28,6.6
68,7.2
93,5.9
125,7.1
99,6.6
100,7.2
100,5.7
104,6.2
73,6.5
26,7.3
132,8
76,6.1
27,7.7
95,5.8
115,5.9
58,7.4
124,7.1
87,6.8
134,6.4
121,7.1
58,6.5
105,5.4
105,6
69,6.2
46,6.2
86,6.2
98,4.2
100,5.4
109,6
127,6.6
72,7.2
112,7.3
110,5.8
88,5.5
76,8.1
93,6.5
73,3.9
80,4.7
87,6
91,6.7
98,7.3
99,7.3
66,6.7
96,8.2
47,6.1
140,8.1
130,6.3
74,2.3
102,5.3
136,2.2
106,6.5
66,6.9
54,6.7
90,5.9
47,6.5
100,7.3
47,6
43,6.3
133,7.2
48,7.1
100,4.6
36,7
24,6.2
23,6.2
101,6.1
50,3.9
23,7.5
124,7.7
89,5.4
68,6.9
13,7.3
85,8.1
100,6.5
84,5.1
136,5
92,5.8
81,7.1
90,6.7
49,6.7
82,5.2
101,5.7
85,3.6
33,6.1
95,6.3
123,8.2
105,4.6
118,6.3
131,7.6
10,7.5
27,6.8
95,5.7
106,6.2
12,3.5
59,6.5
96,7.2
46,6.7
68,6.1
58,6.6
42,6.8
82,7.6
90,5.1
24,7.4
92,3.7
62,7.2
152,9
97,4.8
45,7.5
88,7.3
129,5.7
61,6.9
96,5.1
24,6.9
97,6.5
99,3.5
105,4.5
96,5.9
99,5.7
40,4.9
105,5.8
100,5.4
16,7.7
57,7.2
67,6.7
100,5.9
53,7.9
118,7.6
27,7.1
100,7
80,4.7
39,3.9
90,5
113,6.9
45,7.8
93,3.9
84,6
83,8.6
147,6.2
88,6.1
104,6.3
118,7.7
62,6.1
130,4.7
125,5.5
116,5.2
104,6.1
23,4.8
116,6.1
90,4.8
90,6.2
112,6.5
58,6.6
40,6.7
84,5
50,6.5
119,7.2
31,6.8
88,7.9
88,7.5
57,6.9
115,7.8
140,7.9
67,6.9
95,6.4
89,7.9
115,6.1
65,6.6
115,5.8
55,7.4
69,6.7
80,6.6
108,5.4
91,6.6
107,5.9
131,7.4
66,6.4
24,6.8
84,3.9
90,4.7
103,6.2
69,7.4
102,5.6
182,8
155,6.7
49,5.5
69,5.6
91,7.1
115,6.4
169,6.1
30,6.7
94,4.6
116,6.4
102,6.2
81,6.6
126,6.6
70,7.3
90,4.1
156,5.6
100,6.8
69,7.3
150,4.9
100,5.4
122,5.2
130,6.9
84,2.3
44,6.7
84,7.8
68,9.6
110,4.3
96,6.8
111,6.6
60,6.8
78,7.2
102,6.1
92,4.5
100,6
78,6.9
11,8.4
26,8.2
102,6.8
67,6.5
54,4.9
100,5.8
23,7.5
107,6.5
159,8.5
61,7
96,6.8
62,6.5
25,5.7
37,5.6
95,5.7
95,5.4
45,6.6
23,3.4
63,7.3
100,5.4
111,7.6
68,6.5
22,7.8
94,7.1
101,6.2
128,5.5
26,7
32,6.4
104,6.3
117,6.7
42,8.6
73,4.4
90,4.4
62,4.3
83,6.6
22,6.6
50,5.7
98,4.7
110,5.9
93,4.7
105,6.2
106,4.7
91,5.6
105,6.8
45,4.9
30,7.8
97,7.2
109,6.6
157,5.2
45,7
120,6.7
34,6.3
111,5.7
80,7.4
92,5.8
50,6.2
111,5.7
161,6
125,5.9
66,7.5
116,5.8
53,6.3
65,6.9
111,5.6
105,6
105,3.4
155,7.3
104,4.1
66,6.1
34,7.2
90,5.5
19,7.7
140,6.6
24,6.2
56,7.3
77,5.4
114,3.6
66,6.3
60,6.1
95,5.2
73,7.1
58,6.7
120,6.2
125,7.4
89,3.7
108,5.6
63,5.7
95,5.6
74,6.5
104,6.1
128,7.7
90,3.6
56,7.3
102,6.2
24,6.8
138,7.5
132,5.9
52,5.8
104,6.4
134,5.6
60,6.1
93,6.8
87,3.4
87,3.8
126,6.8
65,6.5
94,4
66,6.1
52,6.6
80,7.8
134,5.7
102,7.4
122,8.6
76,5.1
77,4.8
62,4
102,6.2
59,5.5
117,7.3
60,4.9
116,6.6
53,5.9
57,6.7
56,6.6
122,6
63,6.3
20,6.2
58,6.3
89,4.6
76,6.4
89,6.8
59,5
104,4.4
87,4.8
124,6.3
91,7.6
79,5.2
85,7.6
134,6.3
116,7.2
112,7.4
105,5.1
75,7.8
62,5.1
91,5.7
90,5.9
65,5.5
109,7
106,7.2
76,4.2
93,6.6
30,5.1
51,6.2
140,6.5
63,5.3
28,6.5
128,4.2
80,5.3
97,6.3
24,6.3
102,6.9
122,5.1
49,6.4
128,7.9
106,6.8
115,6.1
120,6.8
157,4.6
34,5.9
11,8
61,4.6
44,5.9
72,5.8
118,6.4
22,7.5
71,5.5
92,6.7
88,6.4
100,4.9
78,6.9
60,4.3
67,7
100,7.1
27,6.9
109,7
90,5.4
74,5.8
100,7
65,6.4
150,6.3
115,5.6
115,4
92,4.4
91,5.9
160,7.2
102,5.1
85,7.3
122,6.3
96,5.4
0,7.4
30,4.2
118,5.7
24,5.4
26,5.3
81,4.5
79,6.2
95,7.4
137,6.7
24,4.8
85,6.9
85,7
28,7.8
113,7.8
62,7.3
25,8.7
52,8.3
28,8.5
13,8.4
52,8
58,8.2
88,5.7
130,7.4
30,6.7
38,8.6
114,3.3
56,8.6
35,6.5
31,8
16,7.9
50,9.1
45,7.3
29,6.9
48,8.4
24,6.8
24,7.5
44,7.4
49,7.5
48,7.4
101,6.1
52,7.3
105,6.7
140,7.3
44,7.1
134,6.6
41,7.7
45,6.8
138,7.1
24,7.3
84,8.1
209,7.8
102,6.2
116,6.7
25,7.5
99,6.6
54,6.1
136,7.9
130,7.7
36,7.1
44,7.6
28,7.8
19,7.2
123,7.3
123,6.5
62,7.1
42,5.3
112,7.1
50,7.3
115,6.2
47,7.6
43,7.1
100,7
48,8.3
94,7.6
39,6.5
81,7.4
23,8.4
88,6.8
131,6.8
127,6.1
118,6.3
93,6.5
51,8.4
74,8.9
8,4.9
42,5.2
26,7.2
94,7
47,7.6
58,7.8
62,8
124,7.1
101,6.8
123,6.6
108,6.2
46,7.1
125,6.4
102,6
118,5.6
112,7.3
47,7.2
113,6.7
49,7.4
55,7.3
42,6.2
125,6.6
50,7.5
123,6.8
55,5.8
116,6.7
43,7.2
22,6.9
54,7
128,5.6
59,7.8
111,6.7
21,7.5
44,7.5
98,6.3
54,8
90,5.4
104,6.9
106,5.2
118,7.2
43,6.8
47,7.5
48,6.7
124,7.2
108,6.3
127,7
42,8.6
99,6.1
102,2.9
87,6.5
50,6.6
86,5.5
54,7.7
116,7.2
25,6.2
97,6
92,5.4
121,6
43,7.5
56,7
44,8.8
98,7.2
99,6.4
156,6.5
50,9.3
26,6.4
53,7.9
44,6.7
132,6.9
128,7.1
84,8.2
108,6.9
96,5.4
82,7.4
48,7.6
42,4.6
90,5.5
94,6.9
54,7.2
118,6.3
10,7.2
78,6.1
130,5.9
34,6.5
49,7.3
91,5.2
92,6.2
88,7.1
102,6.2
82,5.8
59,6.3
90,5.7
83,9
113,4.7
96,6.3
76,8.6
26,7
95,6.3
125,7.6
45,7.6
23,7.7
24,8.1
49,7.8
96,4.7
108,6.5
112,5.7
17,7.1
56,8.1
103,6.4
94,5.3
44,6.4
50,8.7
99,6.4
22,6.7
129,6.6
28,8.1
108,7.7
110,7.4
53,7.5
126,5.9
48,8.2
39,8
103,5.4
82,6.1
90,6.5
57,7.1
115,6.9
91,5.3
43,6
47,6.1
38,6.5
27,6.8
57,6.4
87,6.8
25,7.5
43,6.6
106,6.7
85,7.7
45,7
113,7.6
90,5.6
111,6.2
97,3.7
41,6.1
20,6.4
25,7.1
93,4.7
24,5.9
114,7.1
93,7.4
38,6.9
55,6.6
107,7
106,6.6
105,5
46,7.6
80,8.1
86,6.7
102,5.4
61,6.5
95,5.3
89,7.4
83,7.2
108,5.9
51,8.6
47,7.5
98,5.8
81,7.5
49,7.1
49,7.6
97,8.1
24,7.9
113,6.6
88,6.3
43,7.1
103,5.6
42,7.4
116,4.3
24,8.3
142,7.6
92,6.3
110,5.7
115,5.7
43,7.2
86,7.4
29,5.7
82,7.5
112,6.5
48,7.4
88,7.8
50,6.6
41,6.5
34,6.6
111,6.3
20,8
56,7.4
104,5.9
85,7.7
29,5.3
90,5.8
67,8.1
46,6.6
95,8
102,4.9
45,7.8
100,6.8
104,6.7
95,6.1
97,4.7
52,7.5
85,7.6
140,8.3
40,4.6
67,7.4
60,7.5
89,7.1
50,7.9
87,4.3
86,5.7
27,7.4
44,6.4
21,8
26,8.2
105,6.9
45,7.9
45,7.3
101,5.3
94,6.8
23,7.3
32,7.9
112,6.4
37,6.4
42,6.8
89,5.5
111,6
52,7.1
30,7.3
80,8.2
44,7.5
74,7.7
99,5.2
36,6.9
23,6.5
95,4.4
28,6.6
120,5.8
133,7.3
29,7.7
46,7.5
22,6.9
103,5.2
6,6.4
97,4.4
29,6.1
165,7.5
80,7
86,5.1
94,5.7
26,7.6
36,6.3
69,8.2
87,5.2
26,7.1
59,6.6
30,5.3
98,7
85,7.4
65,8.4
142,5.8
102,6
123,7.2
49,6.3
96,5.6
92,6.3
24,8
64,1.7
61,7.1
115,7.4
101,5.2
55,8.1
22,8.5
90,6.2
46,6.7
50,7.6
88,6.8
67,7.6
50,7.6
75,6.5
61,7.4
100,6.2
86,6.7
35,6.2
100,7.1
45,6.8
128,5.9
111,6.5
2,8.4
94,5.5
123,6.5
50,6.3
131,6.7
93,5.8
89,3
97,5.8
64,8
72,5.4
97,7.6
47,7.3
42,6.1
51,7.7
95,4.4
91,6
27,7.3
110,6.9
47,5.9
95,5.7
32,6.8
80,7.7
116,6.6
56,5.9
40,7.3
64,8
30,6
96,7.7
57,7.8
22,6.6
96,3.3
23,7.2
23,7.9
151,6.3
49,7.6
62,7.1
44,7.5
60,7.3
98,5.7
49,6.8
101,4.7
121,6.8
58,7.1
29,7.4
80,8.3
93,5.8
83,6
45,6.8
107,8.2
97,5.8
104,6.2
71,6.8
49,6.1
100,5.4
23,7.8
40,5.6
89,6.8
87,5.3
71,7.4
50,7.2
104,7.6
50,7.6
58,7.3
26,6.4
92,5.6
89,7.4
101,7.2
50,8.7
61,7.1
49,6.2
109,6.1
9,5.7
96,7
105,7.1
103,6.1
94,5.8
93,6.9
40,6.4
76,7.7
63,7.7
64,7.2
61,8.2
70,7.4
61,5.4
100,6.1
110,5.3
122,6.5
46,7.5
39,7.4
30,7.7
90,8.8
109,6.5
93,5.3
53,7
106,5.6
27,5.5
99,6.8
134,5.7
12,6.3
52,6.8
11,5.9
91,5.5
96,6.1
26,5.7
30,6.8
92,6.4
98,5.6
60,7.6
96,5.3
107,7.7
109,6.3
83,7.8
107,5.9
25,5.6
44,7.4
92,4.8
123,4.8
47,7.4
91,6.6
86,7.1
29,7.1
52,7.5
66,7.2
118,7.3
44,6.5
89,7.3
19,8.1
50,7.4
105,5.2
52,7.4
98,6.9
44,6.7
46,6.7
43,7.1
93,5.4
22,6.8
59,7.2
48,6.3
99,6.6
85,6.8
65,7.1
36,6.6
92,5.5
136,7.1
45,7.8
135,6.3
118,7.8
60,7.4
137,7.4
17,7.3
63,6.1
44,7.7
0,5.7
118,6.2
24,8.3
57,7.8
96,6.7
60,7.4
116,5.7
74,7.2
100,5.5
74,7.8
81,7.8
108,6.6
34,7.4
90,4.1
112,7.3
54,6.8
45,6.9
98,5.8
94,5.9
35,7.8
24,5.9
25,6.6
104,6.4
75,8
29,7.1
85,3.4
90,5.6
45,7.3
89,3.7
87,5.4
42,5.9
48,6.8
46,5.1
95,5.8
25,4.5
85,6.1
45,6.5
22,6.6
62,7
63,7.4
121,7.2
97,4.4
101,5
27,5.7
69,8
45,6.5
84,7
58,7
6,5.1
44,8.6
62,7.6
47,6.3
103,5.9
37,5.7
20,7.7
61,8
113,7.5
52,6.4
12,7.5
132,8.2
104,5.8
45,7
46,5.3
64,8
98,5.6
52,6.5
98,3.4
51,7.3
8,7.6
42,9.3
178,7.5
51,6.4
93,6.1
109,6.2
99,7.4
84,5.5
44,7.8
50,6.8
93,4.8
90,6.5
30,6.4
6,7.1
107,6.3
97,5.7
89,6.9
92,6.5
88,5.1
13,6.9
61,6.9
29,6.4
70,7.3
73,7.3
81,2.7
139,6.2
45,6.4
53,6.6
118,6.6
114,6.9
117,7
61,7.8
42,5.8
68,6.8
121,5.6
22,6.6
84,6.9
92,7.1
32,3.5
107,5.3
106,7.5
55,5.4
86,6.7
66,5.8
40,6.3
57,7.6
12,7.6
40,5.9
47,6.5
26,7.1
103,5.1
45,7.3
60,6.7
20,6.6
62,7.4
27,6.6
91,7.5
176,8.4
49,6.2
45,7.5
49,6.3
97,5.9
109,4.8
45,6
31,5.6
31,7.4
41,8.2
27,8.5
50,8.5
67,6.6
61,7.4
22,7.6
122,6.2
50,7.6
156,5
94,6.5
46,7.4
89,5.9
33,2.5
57,7.4
145,6.2
44,7.3
77,5.5
26,6.6
36,8.2
45,7.1
90,7.2
37,7.9
102,5.3
29,7
10,6.7
171,5.5
102,7
57,7.2
25,7.6
53,6.8
26,5.4
89,7
93,5.3
62,7.1
88,6.9
87,5.8
98,4.3
32,5.8
89,7.2
67,6.7
105,8.1
59,6.9
25,6.3
106,6.1
29,7.3
96,7.3
60,7.7
48,7.1
102,4.8
72,7.9
58,6.6
43,6.5
45,7.3
46,4.7
90,7.4
95,5.8
26,6.4
121,5.6
43,7.2
30,6.5
100,5.6
30,6.5
90,5.8
87,4.6
76,5.4
44,6.2
45,6.8
99,6.7
104,6
36,7
26,6.3
0,7.4
112,6
93,6.5
90,5.2
60,7
132,6.4
74,7.1
40,6.7
47,7.9
107,5.8
0,7.9
74,8.1
94,4.5
24,6.7
28,4.2
83,6.4
96,6.4
90,6
20,3.9
34,6.7
25,7.3
116,5.5
55,8
106,5.3
0,6.8
95,6.2
22,5.9
149,3.7
45,7.6
84,6.6
115,7.4
127,6.3
24,6
107,6.2
94,6.2
90,6
92,6.9
106,5.8
102,5.8
77,3.9
105,5.9
44,7
55,7.4
99,7.2
46,6.7
148,7.2
59,7.3
93,4.9
115,7.1
6,8.1
51,7.8
43,5.9
92,6.5
37,7.4
3,7.5
99,4.5
172,7.2
43,6.6
95,7
85,5.2
90,5.4
57,7.6
56,7.1
103,5.6
98,5.6
30,4.9
24,4.4
91,4.9
23,5.2
37,7.3
48,7
11,5.1
110,6.1
71,6.8
49,6.8
136,7.3
97,7.1
24,6
27,5.3
96,5.1
96,5.5
96,6.3
23,6.3
104,5.2
171,7.7
94,4.3
59,5.8
54,7
69,7.1
25,5
100,6.4
100,5.4
21,7.7
93,3.8
90,6.1
92,7.2
58,2.6
44,7.2
106,7.5
20,5.7
51,6.3
134,6.8
120,7.8
79,7.5
41,5.6
106,5.6
40,4.9
109,8.1
30,6.8
49,7
90,6.8
103,3.4
58,6.9
100,5.1
95,6.5
52,7.3
113,6.4
56,5.6
94,5.9
45,7.9
43,7.3
139,5.3
90,2.8
143,7.5
55,5.9
126,6.3
121,5.9
142,6.4
62,5.4
95,6
83,4.6
85,4.6
37,7.5
89,8.5
85,6.3
60,7.2
36,5.6
49,5.5
47,5.4
113,6.1
50,6.7
30,6.3
97,7.1
94,5.4
106,6.8
45,7.6
32,5.5
89,4.9
105,6.7
12,8.3
103,6.5
13,6.7
70,7
82,2.4
102,5.7
90,5.7
65,7.5
46,7.5
65,6.7
102,6.4
113,7.2
93,5.4
150,7.6
98,5.2
85,5.1
89,2.7
66,7.2
87,5.8
34,6.9
90,5.2
55,7.7
44,6.7
65,4.5
91,7.6
93,5.3
89,4.9
94,4.6
90,3.4
115,5.6
34,8.2
103,5
73,7.6
130,8.2
11,7.3
48,7.7
59,6.5
172,7.3
87,6.8
86,5.1
62,6.3
122,5.6
63,8.4
3,8.3
123,7.4
80,3.8
90,5
86,4.8
111,5.8
109,5.9
69,6
126,4.9
60,6.5
30,6.5
81,3.9
46,6.6
93,5.8
89,5.1
36,5.8
32,5.3
100,6.5
46,5.2
97,6.3
135,6.6
80,4.3
94,4.9
123,7.2
105,4.8
93,6.3
75,5.3
58,7.3
50,5.1
50,6.5
30,5.1
113,7.2
118,3.3
98,6.6
110,8.7
97,5.9
86,4.5
105,6.8
110,6.1
134,6.2
104,7.3
50,6.1
96,5.7
26,6.9
83,6.5
90,3.5
31,6.8
112,5.6
108,6.9
84,5.3
20,2.5
52,6.1
113,5.6
130,8.2
96,5.6
69,5
118,7.4
39,5
128,6.3
53,7.8
125,3.4
46,8
128,7.1
58,6.8
20,6.9
28,6.6
95,6
60,5.2
140,5.3
37,6.6
40,6.6
90,4.6
50,6.8
59,6.4
45,7.9
50,8.2
95,7.2
45,6.8
45,7.6
101,6.7
52,5.4
70,4.7
24,7.5
125,6.6
25,5.2
28,7.2
80,7
47,6.6
19,5
88,2.6
64,6
66,5.1
25,6.9
102,6.4
102,6.4
49,6.5
9,7.9
29,6.2
86,7.5
42,4.6
0,6.7
122,6.4
30,4
59,6.6
58,7.2
103,3.6
100,6.5
82,6.9
109,7.4
13,7
40,8
83,7.6
49,6.5
57,6.2
29,5.4
171,5.4
72,6.2
62,5.7
90,5.6
125,5.7
55,6.4
114,6.4
81,7
51,6.5
38,7.2
139,6.6
47,7.1
120,5.5
93,6.1
99,7.3
88,6.3
45,5.9
87,7.1
116,5.1
115,6.8
84,5.1
112,6.7
104,5.5
119,6.2
30,4.3
108,5.9
120,6.7
145,6.9
65,7.6
41,6.9
104,4.7
129,4.6
91,7
40,5.2
106,3.9
121,6.3
140,3.8
13,6.8
68,6.8
38,5.4
13,7.1
100,4
36,6.4
115,3
42,6.7
103,3.1
101,7
147,3.7
89,4.7
118,8.1
102,6.2
70,5.9
94,5.7
90,4.3
94,7.1
115,5.3
66,6.6
125,5.6
32,6.2
149,7.3
45,6
24,6.3
107,5.8
6,6.4
94,6.1
107,4.3
82,6.4
23,7.5
89,5.8
51,6.5
128,8
132,7
64,6.4
90,4.3
96,3.8
155,4.8
63,5.5
101,6.2
23,7.6
84,6.9
64,7.2
78,6.5
150,5.8
106,6
32,5.3
97,3.5
104,5.5
42,8
101,5.4
125,8.1
97,7.2
96,6.9
0,8.4
114,5.7
23,6.5
63,6.9
141,7.2
44,5.9
60,6.5
106,6.2
21,6.3
60,5
65,6.4
94,8.8
55,6.2
39,6
138,8
94,5.8
37,6.5
113,7.5
58,5.9
64,6.3
95,4.8
60,4.7
98,6
82,7.2
65,6.7
100,6
100,5.1
151,6.1
36,6.8
0,7.3
68,7
44,5.7
131,6.2
94,6.4
54,5.7
53,5.6
106,5.5
82,7.2
121,6
44,5.5
104,4.4
107,4.4
25,7.6
13,3.4
24,5.9
51,6.2
60,5.2
120,3.2
23,5.7
93,7.8
90,7.2
61,6.3
15,7.1
23,7
46,7.4
29,5.8
112,6.7
120,6.8
100,3.8
58,7.3
44,7.3
146,6.7
135,5.3
9,6.6
84,6.5
7,5
90,5.2
141,8.3
51,5.7
45,5.2
111,5.8
98,5.8
89,4
75,7.7
63,4.7
92,5.3
59,7.8
93,6.8
59,6.1
73,6.8
113,4
111,7
130,5.8
133,5
117,7.5
58,5.7
23,6.2
84,6.8
31,7.7
23,6.8
64,4.5
97,6.2
140,6.9
75,3
74,6.5
22,5.9
100,6.7
95,6.2
28,5.5
15,4.7
6,7.2
72,7.2
134,4.2
104,6.8
54,6.1
84,8
100,4.6
75,7.5
88,7.3
126,6.6
92,5.3
110,7.2
79,2.7
72,7
75,6.1
93,6.7
83,3.2
105,5.6
86,4.9
108,4.5
118,7.4
129,6.4
92,7
59,6.4
64,7
8,6.9
35,5.7
133,7.6
61,5.5
58,5.9
81,4.3
21,4.3
102,7.9
24,6.4
115,6.7
119,8.5
86,4.6
61,6.5
98,2.9
105,4.9
65,7.6
53,6.5
98,6.3
162,7.7
36,8.1
34,6.4
96,6.8
40,6.8
112,3.7
100,6.7
112,8.1
13,5.8
120,8.4
56,7.8
131,8.3
69,6.9
124,5.8
95,5.5
135,7.4
77,5.9
88,5.3
104,3.3
94,5.5
121,7.4
45,7.5
150,6.2
8,5.7
92,8.1
58,7.3
74,7.8
29,6.8
46,7.3
101,4.2
119,7.1
127,7
82,5.5
110,4.7
40,6.4
39,5.2
90,6.4
119,6.2
29,6.5
100,6.2
105,7
107,6.6
103,5.7
64,4.9
61,6.1
97,5.9
128,5.3
94,5.6
136,5.9
133,7.2
83,6.4
24,4.8
113,4.7
27,7.7
134,6.9
119,6.6
117,6.6
116,6.4
24,5.5
181,6.9
89,5.2
122,7.1
112,5.9
102,7.2
63,3.7
105,5
93,5.9
46,5.5
74,7
25,5.9
95,5
115,6.3
114,7.2
50,6.5
67,6.2
108,5.1
114,7
21,6.3
120,6.6
83,6.9
104,6.6
128,6.1
106,5.2
24,4.5
140,5.8
110,5.9
95,5
108,5.6
81,2.5
43,5.8
8,7.1
123,8.4
110,5.1
17,4.3
51,5.6
95,7
94,6.6
117,7.7
26,5.6
48,6.4
129,6.2
116,6.3
40,5.6
51,6.2
82,7.5
3,8
137,5.4
113,4.9
108,7.7
41,7.8
4,3.6
92,5.9
110,7.8
60,7.4
103,6.8
107,6.2
128,7.4
93,6.7
85,6.3
42,7.4
89,6.1
111,7.1
118,6.8
106,5.8
130,7.8
28,4.7
120,6.8
85,5.9
104,6.9
87,2.8
81,5.7
109,2.6
90,7.1
77,6.4
24,7.7
96,5.5
99,6.4
95,4.4
23,5
45,7
28,8.9
27,6.1
68,6.8
106,6.7
128,6.9
126,6.9
52,6.4
85,4.7
97,6.7
61,7.2
126,4.7
88,5.6
24,7
51,7.1
41,9.1
92,5.7
121,7.5
47,6.1
52,5.8
64,7.7
138,7.2
34,6.9
61,7.5
50,5.4
98,7.3
26,6.1
26,6.3
54,7.3
93,6.2
85,6.7
54,8
101,6.2
114,5.6
48,6.1
101,6.5
122,6.7
111,2.5
41,4.9
113,7.6
117,6.3
47,6.9
54,8.4
44,6.3
44,7
52,7.6
46,7.5
92,8
139,6.5
102,6.5
43,7.1
27,7.2
61,7.5
54,7
97,6.8
128,7.3
91,5.6
50,7.2
157,7
38,5.7
106,6
66,7.7
104,5.4
93,7.1
15,7.5
119,5.7
117,4.3
45,6.6
130,7.4
41,7.5
112,7.1
90,6.3
93,5.7
114,7.2
45,6.9
45,7.8
89,5.8
46,7.2
47,8.1
52,6.6
49,6.2
100,6.1
24,7.8
60,7.7
129,6.8
54,7.4
83,4.8
98,6.7
89,7.4
28,7.6
46,7.3
9,5.6
127,6.4
114,6
86,5.5
140,7.8
30,7.2
113,6.9
48,5.4
55,7.7
125,6.9
148,5.7
62,8.4
93,8.1
39,7.5
101,7.8
47,7.5
29,6.8
87,8.7
45,8.3
100,6.5
107,7.3
27,5.8
68,7.7
57,7.6
102,7.9
49,7.1
111,5.4
90,6.3
53,7
106,6.2
118,6.8
46,7
35,5
52,5.5
42,7
76,8.7
113,6.2
103,5.7
52,7.4
139,6.2
67,8
87,5
102,5.3
85,5.3
102,5.7
138,6.9
51,4.7
110,5.8
51,8.2
99,6
98,7
41,7
53,5.9
99,4.6
50,7.8
88,5.3
62,8
125,6.2
118,6.4
27,7.4
112,4.6
41,6.4
58,7.8
26,5.2
112,7.1
131,8.1
114,5.3
47,7.5
31,6.3
25,6.6
60,7.3
83,7.2
110,7.3
86,4.8
98,4.9
81,8.4
42,6.6
121,6.1
132,6.8
102,6.3
50,5.7
92,5.3
91,6.8
88,2.5
44,7.1
20,6.8
162,6.8
92,7.2
45,6.7
95,7.5
95,6.7
103,5.6
30,7.2
107,6.2
94,4
29,8.1
116,5.4
55,5.9
90,6.5
30,7.1
43,5.5
107,5.6
107,7
88,3
40,7.1
104,6.3
45,7.9
78,8.5
117,5.6
121,5.3
94,4.5
118,7.2
69,7.1
129,6.1
136,6.5
110,6.6
126,6
44,4.3
72,8
34,7.1
55,6.8
86,5.7
46,6.2
44,9.2
61,6.2
50,7.9
44,8
53,6.5
92,6.9
70,6.8
91,4.6
109,6.7
87,6
94,7.1
43,6.8
21,6.4
29,7
69,8
96,4.8
98,5.8
106,6.6
125,7.1
80,8.1
26,1.6
109,6.6
26,5.8
111,6.7
138,7.4
93,6.4
59,6.5
32,5.4
60,7
95,6.5
49,6.5
147,7.3
105,5.6
49,6.3
25,6.6
24,6.2
137,5.5
118,5.6
109,5.6
93,7.1
23,6.9
163,7.4
17,7.3
50,6.8
23,7
124,5.2
43,5.7
125,8
29,6.2
23,7.6
93,5.4
98,5.6
110,6.2
39,5.3
118,6.3
81,6.8
103,6.2
45,7.1
54,7.4
73,7.9
103,5.3
71,7.4
24,5.7
90,7.7
40,5.5
32,6.5
110,5.5
95,5.8
138,7.2
40,6.4
129,6.7
24,6.6
86,5.5
61,8
19,6.1
26,7.8
25,7.7
47,7.9
48,6.4
38,7.6
96,5.7
112,7.4
99,7.2
44,8.4
131,6.8
95,6.6
24,6.5
43,7.6
59,7.1
53,7.1
51,7.2
92,5.6
96,5.2
97,3.9
30,6.8
85,3.6
29,7
69,6.6
100,6.9
114,7.1
55,6.6
69,7.2
99,6.1
60,7.3
25,6.6
158,8.1
47,6.7
123,6.1
23,6.4
115,6.3
65,7.3
43,7.4
91,4.3
39,5.8
90,6.7
54,6.1
89,3.9
59,7.3
51,7
94,6.6
69,7.5
49,7
60,6.3
66,8.1
60,6.1
84,7.7
81,4.2
107,4.6
86,6.9
112,6.4
85,5.4
87,4.3
29,7.6
80,6.9
96,7.3
21,7
45,7.4
130,6.8
47,6.5
42,6.2
19,8.7
101,6.5
42,6.4
107,6.2
25,7.4
29,6.5
46,7
106,6.7
97,4.7
109,5.7
45,2.6
47,6.5
34,6.7
35,4.8
11,1.7
20,6.2
12,7.4
12,6.1
87,4.5
43,5.5
107,4.4
112,6.7
26,7
32,6.4
52,8.6
23,7.2
42,7.4
64,7.2
98,5.5
116,5.4
83,6.2
69,6.9
60,8.3
30,7.5
71,7
57,7.1
39,6.6
109,6.6
32,7.4
24,7.2
40,7.1
30,5.4
41,7.9
46,7
30,7.3
104,6.7
11,6.3
112,6.7
104,5.5
104,6.3
30,6.7
22,8.4
30,6
125,6.4
112,5.4
107,5.9
54,7.4
112,4.7
30,7.9
44,5.7
97,7
44,6.9
108,7
151,7.2
84,6.3
90,4.3
13,6.2
97,7.5
50,6.4
22,7.7
66,7.2
58,6.9
142,5.5
98,6.5
59,7.8
24,7.2
96,6.6
100,5.5
104,7.5
40,4.4
125,5.1
24,5.5
94,5.7
102,6.6
106,6.2
57,7.4
52,6.9
28,6.5
53,7.6
2,8.1
30,7.4
106,7
12,6.1
95,6.2
45,7.4
12,7.3
43,4.6
115,5.3
107,6.6
95,6.8
14,6.9
80,4.7
23,7.9
31,6.8
48,7.4
60,5.5
41,7.4
101,5.5
49,6.9
38,6.3
36,6.7
101,4.8
41,3.9
110,6.6
89,4.2
14,6.3
113,5.4
43,6.6
126,6.3
27,6.5
35,7
78,7.5
115,7.2
110,5.3
69,7.5
73,7.8
84,6.4
131,5.1
83,5.6
63,7
23,5.3
118,6.3
53,7.7
50,7.5
102,6.1
50,5.6
94,6.1
145,6.5
37,6.2
44,6.5
30,4.8
54,6.7
102,4.4
8,7
129,7
74,7.3
36,7.7
13,7.1
31,4.3
95,6.9
101,7.2
89,7.7
110,5.4
128,6.2
56,5.4
23,3.4
179,6
30,6.5
101,5.7
23,4.6
136,6.3
30,6.6
51,8.2
32,6.2
104,5.2
43,6.1
48,7.2
53,5.9
24,6.5
23,6.7
29,6.7
35,5.3
27,5.3
63,6.8
36,6.7
150,7.6
101,7.7
38,7.2
117,4.7
50,6.5
149,6.1
48,4.2
106,5.2
98,5.6
36,5.2
13,6.5
88,4.3
38,7.5
37,6.6
118,5
25,4.1
69,7.8
35,7.9
0,6.2
32,6.3
60,8.1
80,5.5
56,6.1
119,5.5
30,5.8
38,6.9
24,6.9
30,5.9
19,5.2
109,4.8
93,7.8
79,7.6
105,5.4
25,6.8
104,5.6
105,5.5
24,5.6
19,6.8
32,6.1
95,6.1
128,4.4
31,7.3
59,7.2
157,7.9
63,6
81,6.4
96,6.8
88,6.5
61,5.1
126,5.4
37,5.5
112,5.4
65,5.7
100,6.8
64,8.8
45,5.1
105,4.5
32,2.3
101,6.3
61,7.3
136,7
54,6.1
68,5.1
86,5.5
124,6.5
95,7.5
89,5.5
91,6.1
28,4.7
44,6.8
117,6.9
99,5.9
23,5.2
98,6.9
22,7.2
116,6.8
52,6.8
22,6.8
39,6.7
91,5.2
62,5.8
28,6.4
104,5.1
52,7.2
35,6.7
63,7.5
58,6.4
90,4.7
79,6.4
47,7.1
106,5.5
102,7
70,1.8
97,6.8
106,6.7
34,6.3
30,8
39,6.2
11,6.2
84,8.6
90,6.5
104,6.2
151,6.5
64,6.5
99,5.7
92,6.4
25,6.2
58,6.5
67,7.4
92,7
96,6.7
59,2.5
128,3.4
96,6.7
135,7
95,4.4
120,3.9
35,5.7
105,5.3
31,6.2
106,5.5
101,6.7
130,6.6
115,8.3
26,6.2
5,3.4
70,7.5
32,5.6
124,7
40,5.1
54,6.9
107,5.7
33,7.9
102,5.7
47,5.9
108,5.5
72,6.3
104,6.2
32,4.9
33,5.3
69,6.4
170,6.4
105,6.3
110,6
111,5.8
27,4.9
117,5.2
66,4.7
94,5.3
23,8.4
59,7.1
45,8.1
99,5.8
97,5.1
134,4.4
0,6.2
49,5.9
123,7.1
86,5.5
12,6.9
38,6.9
61,6.3
15,6.6
14,6.9
72,6.5
103,6.1
51,8.3
90,5
38,5.5
120,5.9
101,5.7
163,4.6
82,6.7
115,6.9
141,7.4
97,4.5
142,6.7
15,7
96,5.3
35,6.5
63,6.5
64,4.4
47,7.6
25,5.3
36,6.3
0,5.6
15,7.2
94,5.3
55,6.6
68,7.8
111,6
102,5
90,6.1
60,3.6
52,7.2
34,5.4
103,5.6
110,5.6
58,4.2
23,6
91,5.3
65,7.5
90,5.3
98,6.8
97,4
102,6.4
48,5.6
112,5.3
115,7.5
9,6.6
114,6.9
25,6.8
46,7.4
107,3.7
39,5.4
60,5.9
97,6.1
91,5.1
87,4.4
98,8
108,5.2
105,4.9
89,6.7
13,6.3
102,6.6
91,5.8
89,5.1
99,4.2
6,6.7
122,6.2
26,6.8
65,5.9
124,8.1
94,3.9
101,6.4
155,7.4
95,7.7
127,5.7
45,5.8
99,7.5
110,6.5
87,4.4
99,4.4
60,8.2
89,5.6
20,7
63,7.1
41,6.6
94,6.6
49,5.3
96,5.8
24,6.6
127,7.2
93,5.2
113,3
20,7.2
88,5.3
49,6.2
90,6.3
153,5.9
61,7.1
70,6.1
113,6.2
90,3.9
113,5.4
47,6.5
76,6.4
0,7.3
84,7
112,5.3
99,4.4
25,5.8
27,7.5
25,6.6
85,3.7
122,6.1
47,5.7
100,7
110,5
115,6.7
102,4.3
90,3.8
158,6
100,6.8
48,5.5
148,5.4
103,6.9
96,5.7
96,5.2
86,4.9
145,5.4
89,5.6
105,5
41,8
144,3.4
95,6.2
34,5.9
45,7.8
93,5
34,6.9
123,4.8
94,3.8
25,6.6
121,4.7
93,3.3
30,6
139,4.3
112,5.6
64,4.6
50,5.8
110,5.5
49,7.3
98,6.6
99,3.2
96,6
134,7.8
89,7.1
101,4.9
72,2.3
45,4.1
92,7
99,5.7
92,6.9
37,5.1
114,5.8
89,5.4
60,5.9
119,6.1
90,4.2
106,4.5
93,4.9
101,6.2
45,4.6
115,7.2
107,2.2
108,5.8
100,6.9
88,6.5
116,6.2
0,8.8